vA,aA,aA0,vB,aB,aB0,h0,cross,x1,x2
4.610433819,-0.249430527,22.2984498,9.433991732,-1.335140669,-2.862962811,3.679836953,0,2,1
3.44836193,-0.083130671,-0.011216906,4.00535891,-0.745142778,-0.49309105,18.42502646,0,2,1
3.407770532,-0.166284386,8.37145312,5.225753534,-1.07360746,-1.182288438,2.432632319,0,2,1
2.881405907,-0.249876736,4.102795342,4.606658225,-0.589182298,-1.24182063,1.350333292,0,2,1
5.873074152,-0.340944316,2.343714322,5.397962579,0.782837936,-1.83278469,5.755692834,0,2,1
4.023555641,-0.767440078,2.375354048,6.130097879,0.515875237,-2.691037154,2.146671843,0,2,1
0.802246845,-0.670940181,-0.106474512,6.691644043,0.182268118,-0.822043083,13.43296319,0,2,1
0.323109888,0.185736936,0.249766785,6.897724262,0.175333985,-0.358647032,14.40915334,0,2,1
4.667247583,-0.249609275,4.096616017,7.017364178,0.731574017,-1.853186816,8.630283889,0,2,1
0.610327781,0.333165323,1.301952307,6.897724262,-0.24826276,-0.601861726,6.920325137,0,2,1
4.653181707,-0.083096756,2.931033312,6.350590524,0.237633307,-1.56913748,9.321507389,0,2,1
4.439481952,-0.260047039,4.399100314,6.350944812,-0.248380615,-1.995662993,5.020766874,0,2,1
6.205199433,-0.174543613,1.686535834,5.103577177,0.762638854,-1.800046858,5.671833919,0,2,1
5.572477008,-0.852070776,1.947955412,5.198124662,0.754599343,-2.690527105,1.796106901,0,2,1
5.760034722,-0.077753479,0.940065992,6.795123251,0.671684708,-1.702077142,13.88481185,0,2,1
4.764630101,-0.329214701,33.48755845,7.749354812,0.597234493,-2.318469149,0.878009112,0,2,1
3.428410711,-0.670840957,20.33890581,8.12996925,0.092086188,-2.294016711,1.431362987,0,2,1
1.32196823,0.276725299,-0.53894864,7.427651042,1.767065876,-1.300829698,19.49923332,0,2,1
2.655447232,-0.171540053,12.77311531,7.903783904,0.150809882,-1.371808164,5.243891685,0,2,1
1.461232357,0.091190872,3.414977653,9.192388155,0.828635066,-1.40807119,9.484265918,0,2,1
9.198440085,-0.34098822,-0.188688041,6.696685747,0.026685928,-2.471838842,10.46732535,0,2,1
1.131591799,-0.004051212,-0.122471908,8.359677027,0.183974715,-1.284754059,17.03973298,0,2,1
6.703290237,-0.419028316,9.306588657,9.972532276,0.665172351,-3.703541753,8.400482129,0,2,1
2.925423046,-0.810509159,0.928701772,9.320225319,-0.172800716,-3.292055887,6.802095265,0,2,1
5.438841788,-0.244738469,-0.438831798,3.887685687,0.919385993,-0.634393183,14.31090493,0,2,1
0.462385121,-0.107841832,0.315645328,6.311204322,-0.671820627,-0.427408542,13.41435798,0,2,1
5.890848835,-0.333284974,4.973330474,5.735023976,-0.246201279,-2.050669086,4.161117638,0,2,1
0.660302961,-0.335186007,0.582198447,5.523594844,-0.437483848,-0.542096042,6.339124545,0,2,1
1.520690633,0.385674741,10.86808229,8.8692728,-0.006718256,-0.939678125,7.814000256,0,2,1
6.070296533,-0.334076999,0.203401595,6.310530881,0.995251989,-1.603021257,13.75937862,0,2,1
5.000489976,-0.748652401,0.321315961,7.337744885,-0.154420387,-2.644285256,9.348652309,0,2,1
3.362038072,0.056580141,4.070799964,7.416205229,0.826158953,-1.359507321,11.87471684,0,2,1
3.401293871,0.056050679,14.76621526,7.348421599,0.581884769,-1.718755729,3.068941185,0,2,1
0.489650554,0.012317666,0.992657135,7.59420832,-0.232787231,-0.54066653,9.98002004,0,2,1
0.5,0.240555941,3.116007405,7.333764381,-0.414163183,-0.552813253,2.884042302,0,2,1
4.440011261,-0.416665598,0.260902449,5.952789262,-0.410187864,-0.993961123,19.46000257,0,2,1
4.33,-0.666666667,3.208310773,6.064091028,-0.083001726,-1.469031169,8.208392047,0,2,1
0.528866713,0.30240111,5.113540697,6.983695297,-0.082811191,-0.373991813,5.830694641,0,2,1
0.726911274,0.642323132,10.30120129,7.823202669,-0.573043581,-0.590124068,2.954623495,0,2,1
0.672681202,0.409350791,12.13096244,7.379241153,-0.25722653,-0.379105396,4.528598017,0,2,1
5.423688782,-0.416380646,2.710139561,6.386587508,0.587836136,-1.772972834,9.066796568,0,2,1
3.473686802,-0.083244632,2.39907573,6.336600035,0.324427631,-1.17822799,11.95542136,0,2,1
2.87015679,0,1.805916455,6.709411301,0.243035138,-0.987935361,16.75010746,0,2,1
3.638804749,-0.012025563,14.24234946,6.506996235,-0.498681865,-1.484025188,2.727196363,0,2,1
3.26300475,-0.256470139,10.92093841,7.060233707,-0.1664244,-2.00320628,2.020544481,0,2,1
0.743878248,0.035406916,0.534326226,10.21207618,-0.597101086,-1.049804067,18.57128159,0,2,1
0.756637298,0.271162406,1.017188152,9.825069974,-0.762450534,-1.061109372,12.56280224,0,2,1
7.052630715,-0.297688032,12.84780686,9.208192005,-0.012851952,-3.859565652,5.370176906,0,2,1
6.352841884,-1.269381468,7.653756386,8.942354276,0.249098495,-4.274365655,4.700521248,0,2,1
0.951892851,0.767814998,1.594017776,9.498636744,0.315032429,-1.360083119,7.029061104,0,2,1
6.042681524,-0.668812669,2.008884122,8.141406512,0.581812611,-2.402349865,12.84622902,0,2,1
5.581755996,-1.418285826,9.599854778,7.366260924,-0.082922563,-2.904527023,3.388819854,0,2,1
3.550690074,-0.416584531,3.255229022,7.736827515,0.649397994,-1.38096464,14.82016532,0,2,1
2.20184014,-0.495874708,24.94999521,8.196511453,0.067779773,-1.351762766,1.749285568,0,2,1
6.715839486,-0.249781648,0.83574894,5.6209074,0.42108173,-1.69014517,9.510651923,0,2,1
6.147324621,-0.915554558,0.511759959,5.726927623,0.338784938,-2.241912964,6.617529751,0,2,1
3.993619912,-0.894898362,-1.100846975,5.277698362,0.754590726,-0.917954327,16.35552812,0,2,1
7.470187414,-0.586865869,2.016238954,7.30985636,-0.30079414,-2.577178902,9.82732924,0,2,1
3.860634663,-1.502458372,-0.873581278,8.360059808,-1.252579231,-1.646781114,23.45781746,0,2,2
1.977169694,0.361456557,-0.549480636,8.048863274,-1.326765199,-2.474569355,5.532061099,0,2,1
3.831461862,-0.082647262,27.64753223,8.417155101,0.256742921,-2.008323458,2.435261793,0,2,1
3.728404484,-0.099060814,2.098477464,6.573051042,0.249127251,-1.578416323,9.704524718,0,2,1
0.156836533,-0.00133659,0.129240217,2.458007323,0.931326695,-0.05097346,11.47675912,0,2,1
0.155241747,-0.080329576,0.447482138,3.382558203,0.496723441,-0.0710531,7.563835006,0,2,1
0.041231056,-0.157253137,0.113695757,3.374314745,0.235849124,-0.018755736,23.17370277,0,2,1
1.026255329,0.069953086,0.438572639,8.373016183,-1.220361542,-0.931182186,21.52223269,0,2,1
3.720860116,-0.24994174,0.96583538,5.5532513,0.342301535,-0.944500874,15.04876407,0,2,1
3.490916785,-0.416555652,10.21905538,5.47493379,-0.330577555,-1.313189346,1.878403578,0,2,1
1.171537451,0.0930942,1.807015156,4.270046838,0.083819173,-0.545581717,3.389882004,0,2,1
4.676686861,-0.249640237,1.583086014,6.474828183,0.496506183,-1.452666938,12.89201691,0,2,1
6.2706459,-0.249974125,0.922489874,6.196361836,0.570105844,-1.416952513,14.31707023,0,2,1
5.810309802,-0.83409077,1.497430773,5.5343744,0.502960523,-1.646969386,8.181741868,0,2,1
7.254309064,-0.333134236,-0.306762984,7.061911922,0.577626508,-1.535790199,18.62849967,0,2,1
7.084412467,-0.666246698,4.628856463,6.426484264,0.35084468,-2.644655874,4.969798789,0,2,1
5.761952794,-1.422207733,5.355511913,6.289197087,0.758062397,-3.22226394,1.7,0,2,1
5.310084745,-0.249443601,2.001985355,7.362404499,0.430582957,-1.828816038,13.3779109,0,2,1
6.404529647,-0.429485214,9.267618366,9.310735739,0.829726046,-2.887059627,9.39894675,0,2,1
5.589749547,-1.183543764,17.3755864,8.345352,0.671138978,-3.101190517,3.068093871,0,2,1
3.513644831,-1.244558206,0.135759301,8.092094908,0.512954847,-1.66946747,20.16434973,0,2,1
1.335402561,-0.422372443,1.16092908,8.926191797,0.350016674,-1.330770412,13.87909219,0,2,1
0.44,0,3.889682319,5.4886246,0,-0.272044848,3.380532502,0,2,1
0.50039984,0.083268051,0.684816844,5.477681991,-0.074453501,-0.295808016,15.06708333,0,2,1
0.830963296,-0.083235553,1.254951681,5.605515141,-0.156134209,-0.615236617,5.4558684,0,2,1
0.735527022,0.010753824,1.192025386,6.435060217,-0.766609465,-0.677402897,5.891706035,0,2,1
0.844037914,0.100968982,-0.02781855,7.396715487,0.101706766,-0.827500509,20.69885263,0,2,1
4.292283774,-0.668976056,1.756297297,5.375816217,0.159073223,-1.513703987,6.690747342,0,2,1
3.030066006,-1.581536081,4.295128103,5.315496214,-0.264878306,-1.438162791,2.523014071,0,2,1
1.266688596,-0.754590411,8.015001811,5.433985646,-1.033762997,-0.714438759,0.601664358,0,2,1
0.943663075,0.220762928,1.834912725,7.071421356,-0.66081013,-0.689024728,11.04009058,0,2,1
0.660984115,-0.288047702,0.791611641,5.16474588,-2.199583548,-0.420774506,8.685580004,0,2,2
5.310150657,-0.250545253,-0.423987916,3.077174028,0.654591068,-0.656195836,9.069426663,0,2,1
5.104919196,-0.166177668,3.080994954,8.563790049,-0.565905781,-2.251151333,13.27696125,0,2,1
4.955370824,-0.415361076,9.772934812,8.471989141,-0.005951234,-2.795612341,5.528996292,0,2,1
4.426341605,-0.581145186,13.15914922,8.400910665,0.173229176,-3.165714603,2.48501509,0,2,1
3.830992039,-0.338632124,1.059895093,7.531600096,0.178989557,-2.693088788,7.032865703,0,2,1
3.182263345,-0.672090514,0.289201018,7.540092838,0.0043654,-2.976046919,4.808513284,0,2,1
2.610019157,-0.748671599,-0.765362677,8.088930708,-0.241657888,-2.245977266,13.78158917,0,2,1
1.632482772,-0.499210581,-0.16241969,7.900588586,-0.249346031,-1.553781066,14.63289787,0,2,1
1.040768947,-0.166541117,0.017273077,8.37650285,0.086597402,-0.919274432,30.21751313,0,2,1
6.306766208,-0.100583564,16.45262844,7.972578002,-0.097855157,-3.074940342,3.253997541,0,2,1
7.573196155,-0.749679668,4.603682498,10.87972886,0.655923442,-3.742435521,14.09886875,0,2,1
7.06342693,-1.582543926,13.64412425,10.01811359,0.415503184,-4.44514096,5.487531321,0,2,1
5.464036969,-2.164985934,21.81583187,9.774456507,0.339167834,-4.518373187,1.829152809,0,2,1
3.493665697,-1.672402671,7.623871298,9.483190391,0.586932985,-3.226699753,4.51,0,2,1
2.060218435,-0.91763228,2.782213415,10.93117103,0.421061545,-2.38178362,11.27548225,0,2,1
1.130044247,-0.499979325,0.590920559,9.416140398,0.172739883,-1.192193261,20.15601647,0,2,1
0.511957029,-0.06230916,1.632226344,9.375425324,-0.498635323,-0.65397743,12.13422021,0,2,1
0.608276253,0.246757369,0.399907725,10.06344374,-0.99864799,-0.820001278,24.29588031,0,2,1
6.409024887,-0.503686399,1.995335256,5.531744752,0.332032421,-2.08759499,5.588148173,0,2,1
5.302122217,-1.335132961,4.864263518,5.257613527,0.083054687,-2.729709836,0.377359245,0,2,1
3.532039071,-1.329438207,-0.000548663,4.997369308,0.010254133,-1.985436465,3.367744052,0,2,1
2.543855342,-0.25823711,-0.569123148,6.143427382,-0.32270231,-1.793282124,8.648895883,0,2,1
2.373204585,-0.385806376,-0.845750446,6.354368576,0.165768045,-1.41349858,16.21338953,0,2,1
0.815843122,-0.537591433,0.088721331,6.800838184,-0.175556675,-0.763906311,15.24005249,0,2,1
9.831281707,-0.776938508,43.05816744,11.70779655,-0.228748385,-7.269202249,2.3,0,2,1
2.537794318,-0.165488796,2.963099619,7.048460825,1.085248863,-0.991181305,14.29945803,0,2,1
2.338054747,-0.413379087,2.409159779,4.765081321,-0.933123602,-0.689340763,7.991320291,0,2,1
1.79279112,-0.083202868,0.65097923,2.702535846,0.422791133,-0.481510825,2.42243679,0,2,1
1.45220522,-0.166410047,0.034628379,2.264972406,0.338217455,-0.342652241,4.620173157,0,2,1
1.112205017,-0.077498023,0.123689712,3.464173783,0.004209451,-0.453404122,7.187941291,0,2,1
0.827345152,-0.247697396,0.148830984,4.285090431,0.659779494,-0.466654201,8.998010891,0,2,1
0.43,0.000968861,0.33202154,4.980943686,0.510154574,-0.306028722,10.58295327,0,2,1
0.893588272,0.574670233,0.019277249,5.484031364,0.893208015,-0.630504959,14.35501654,0,2,1
8.199146297,-0.266094579,-1.347435347,6.246230863,0.083117137,-1.568073978,14.76414915,0,2,1
8.08144789,-0.528017363,1.771407887,5.642144982,-0.493314432,-3.274328915,2.959949324,0,2,1
7.852954858,-0.457692124,4.27296541,6.725749029,0.831410553,-3.267791067,4.480011161,0,2,1
0.640312424,0.083293298,0.349835432,2.917601755,0.579896329,-0.300252051,0.95131488,0,2,1
0.730273921,0.249909926,-0.066103835,2.724701819,0.25985662,-0.279357653,7.783090646,0,2,1
1.222006547,0.337754846,-0.261270638,2.907645095,0.094108899,-0.548637783,3.765979288,0,2,1
1.425938288,0.165982168,-0.289414247,2.788834882,0.164955641,-0.378585073,12.3029468,0,2,1
0.726911274,-0.399512216,-0.015666422,2.935370505,-0.322787707,-0.243024502,13.1918346,0,2,1
0.125299641,-0.112468683,0.127611028,2.692842364,-0.165242363,-0.044420752,14.19110285,0,2,1
0.273130006,0.18613107,0.102528949,3.041989481,0.412355505,-0.102323266,16.53538327,0,2,1
0.49244289,0.041252621,0.319077054,5.94697402,0.133291989,-0.343930089,20.5325522,0,2,1
0.244131112,-0.11594853,0.625879045,6.364353856,-0.104132165,-0.188631956,18.79691996,0,2,1
0.076157731,-0.075630764,0.752138276,6.389522674,0.012323438,-0.060155099,18.48773918,0,2,1
0.070710678,-0.055661965,0.818026412,6.520927848,-0.179527182,-0.056821875,18.15177402,0,2,1
0.02,0.019672331,0.818504406,6.526944155,-0.589998288,-0.016201484,18.58210968,0,2,1
0.510783712,0.372033763,0.6584298,6.560190546,-1.173382002,-0.380648357,17.77124081,0,2,1
6.337586291,-0.58668263,-0.759080131,4.996038431,0.255916845,-1.044127783,14.35012543,0,2,1
5.936143529,-1.16924015,2.23541998,4.075414089,0.749025157,-1.923241832,1.255388386,0,2,1
3.180565987,-1.583033677,0.584980177,4.240848972,0.730605967,-1.417565168,2.799571396,0,2,1
1.711052308,-0.252570207,-0.052900115,4.104741161,1.003118516,-0.806520923,7.021573898,0,2,1
1.240040322,-0.415602221,-0.170278469,4.596194078,1.243100692,-0.727865943,10.354062,0,2,1
0.2596151,-0.343431692,0.390758039,6.059768972,-0.052834934,-0.242147249,12.62284437,0,2,1
0.200997512,0.165914233,0.596740856,6.093143688,-0.353539352,-0.192181131,9.838134986,0,2,1
0.219317122,-0.1505917,0.552646507,6.036190852,-0.624158713,-0.210530971,9.472111697,0,2,1
0.041231056,0.073074531,0.578176261,5.665350828,-0.975973953,-0.03821079,9.311739902,0,2,1
0.412310563,0.586584774,0.270802901,5.066675439,-0.775374782,-0.331142927,8.266105492,0,2,1
1.028396811,0.181613736,-0.199756865,4.947019305,-0.863514473,-0.755059804,9.083044644,0,2,1
4.10670184,-0.165985528,1.982574345,6.035238189,0.766906152,-1.267894026,11.33646329,0,2,1
3.824264635,-0.339234227,8.315096294,5.678661814,0.269980268,-1.57936909,2.282651966,0,2,1
3.230758425,-0.334951762,2.702804158,5.785507756,0.25771549,-1.735742139,3.847206779,0,2,1
2.300782476,-0.830576008,0.36417732,5.926381695,0.527648302,-1.448633915,7.641629407,0,2,1
1.070560601,-0.317398674,0.413153283,6.201935182,0.652729596,-0.857709172,9.783383873,0,2,1
0.892692556,0.164348527,0.286869088,9.883815053,0.040544537,-1.219833692,18.27025178,0,2,1
4.74206706,-0.418880833,0.556698934,6.272136797,-0.014949197,-1.19688572,17.32023383,0,2,1
4.581844607,-0.666393505,4.861200982,6.039288038,-0.124132933,-1.657258988,5.75633564,0,2,1
3.310241683,-1.084168139,10.06494309,6.421907816,-0.262703468,-1.745999405,1.964611921,0,2,1
1.850675552,-0.916310915,11.79538989,9.328156302,-0.849078763,-1.627496178,4.292621577,0,2,1
3.290136775,-0.333319306,6.454028744,7.740232555,-1.083300229,-1.503731547,9.060209711,0,2,1
5.692003162,-0.490575363,0.037342056,3.862460356,-0.113794554,-1.001490633,8.132312094,0,2,1
3.945744543,-1.426430997,-0.108441616,2.926174978,-0.846996814,-0.87982053,3.988144932,0,2,2
1.724905795,-0.177922402,0.799153964,3.113149531,-0.998947776,-0.576605901,2.351042322,0,2,1
1.901630879,0.009418938,-0.099600646,3.133592188,-0.253604232,-0.762300539,2.998966489,0,2,1
1.48946299,-0.589132667,-0.254377974,3.645490365,-0.083207483,-0.692918334,7.02362442,0,2,1
0.341320963,-0.50506322,0.243811781,3.977247792,-0.075095067,-0.204503822,8.221544867,0,2,1
0.041231056,0.073074531,0.353101525,4.124875756,0.173205216,-0.026374686,9.943088052,0,2,1
0.592283716,0.098904857,0.06294767,4.800020833,0.421217866,-0.399563036,13.36811879,0,2,1
0.43324358,-0.157304945,0.313082328,9.700912328,-0.596085074,-0.617607266,23.76399167,0,2,1
0.313049517,-0.074261586,0.214886866,8.178441172,0.011563978,-0.380250851,25.20861956,0,2,1
0.202484567,0.142170139,0.710850227,8.218333164,0.156736085,-0.255682969,14.85215473,0,2,1
7.160342171,-0.584069137,2.85488065,6.234845628,0.570855741,-2.200504906,7.2624858,0,2,1
5.740871014,-1.663096062,20.12398765,7.865907449,-0.259915342,-3.717403967,0.690651866,0,2,1
3.692654871,-1.585345149,0.423813527,8.16272626,0.042303182,-2.348692642,12.48177071,0,2,1
1.260039682,-0.583313882,2.514279066,8.388426551,0.139537304,-1.324842543,6.874394519,0,2,1
5.570143625,-0.583848393,4.376972406,7.473539991,-0.418993768,-2.123657307,9.475974884,0,2,1
4.291165343,-1.747356409,6.292510005,8.101999753,-0.585003774,-2.32581856,7.170843744,0,2,1
6.856566196,-0.752905343,15.21435684,14.36066851,-0.089339775,-5.417258616,11.45223996,0,2,1
4.401636059,-1.922207913,3.71951647,11.58069514,-0.725916465,-3.949602582,11.5964348,0,2,1
2.014869723,-0.824906037,12.71661731,10.89566886,-1.077731633,-2.691968071,2.399270723,0,2,1
1.548289379,-0.497215445,4.955844301,10.74498953,-1.564230691,-2.14751067,5.66731859,0,2,1
1.224948979,-0.165982155,0.329330786,12.63522062,-1.086379652,-1.909956662,24.35685735,0,2,1
2.402019983,-0.082914585,3.8478874,7.020292017,0.263639979,-1.165359324,9.530083945,0,2,1
1.72185946,-0.170157449,4.602599533,6.632141434,0.021105291,-1.077397119,4.970120723,0,2,1
1.563873396,0.095829794,2.594034191,7.061019756,0.414263086,-1.183059701,6.663370018,0,2,1
1.591100248,-0.220231321,0.110295118,8.050490668,0.346701998,-1.338975172,18.25854868,0,2,1
0.75133215,-0.096124006,0.417738173,7.942197429,-0.13759449,-0.884812533,11.61261814,0,2,1
1.050761629,0.24982382,7.908534832,7.21734023,0.398985665,-0.624770934,5.555555778,0,2,1
1.491207564,0.582882128,23.46257814,9.933992148,-0.083131868,-1.311891821,2.62488095,0,2,1
2.151139233,0.166579214,1.884989211,8.000681221,0.60326087,-1.505760595,11.75124249,0,2,1
1.812760326,-0.083205737,2.167843374,8.455134535,0.090616416,-1.806620748,7.240006906,0,2,1
2.270792813,0.166608985,2.869547507,8.10138877,0.663701436,-1.015186869,18.34264158,0,2,1
2.310779089,0.166610956,17.03483548,9.794350412,-0.017358791,-1.436359867,6.844808252,0,2,1
2.490983741,0,11.63137154,8.384223279,0.431672212,-1.455777782,5.872052452,0,2,1
1.970913494,-0.1638124,23.97773859,8.624442011,0.32465012,-1.538178405,1.033924562,0,2,1
1.772286659,0,5.840154515,9.100467021,0.394238875,-0.936361002,15.24517301,0,2,1
1.801360597,0.166542162,13.37545475,8.929512865,0.399750657,-1.017390804,7.453596447,0,2,1
10.54814202,-0.76009417,-1.458728086,14.32088335,0.005498836,-3.72212044,28.53227821,0,2,1
3.112314251,-0.333082248,6.214618972,6.518443066,0.850084092,-1.21467703,6.972438598,0,2,1
2.383547776,-0.670162238,0.962473287,5.222422809,0.487779528,-0.751340007,13.64800718,0,2,1
0.830060239,-0.083327212,2.641126929,6.106660298,-0.68674423,-0.466124649,8.800664748,0,2,1
0.63007936,-0.166644986,3.665605603,4.387368232,0.075707369,-0.302529173,1.67725967,0,2,1
0.34,-0.166666667,2.272739743,4.72958772,-0.248958022,-0.182323791,4.568851059,0,2,1
0.121655251,0,3.113386235,4.896631495,0.157203422,-0.070058482,3.274950381,0,2,1
0.09486833,0,1.758574461,4.459820624,0.256783957,-0.050278745,5.295441436,0,2,1
0.02,0.019672331,2.784012094,4.53203045,0.837195656,-0.01090498,2.945929395,0,2,1
0.09,0.083333333,1.497651374,4.526599165,0.423257676,-0.048554966,6.468423301,0,2,1
0.171172428,0,2.39257996,4.808846015,0.576296872,-0.096198542,4.453369511,0,2,1
0.15132746,-0.082550861,4.468893535,5.775569236,0.16564377,-0.100284476,3.4,0,2,1
0.082462113,-0.080508447,1.574362889,5.487449316,0.288160803,-0.051136782,9.99,0,2,1
0.170293864,0.083197501,1.913907292,5.34296734,-0.054388158,-0.103142686,7.65800235,0,2,1
0.413037529,0,0.784453539,5.374476719,-0.121105743,-0.253452094,12.95401868,0,2,1
0.425793377,-0.012744237,0.923474712,4.795101667,-0.497349495,-0.265238642,7.086444807,0,2,1
0.301496269,0,0.834140665,6.282555213,-0.515867678,-0.260074703,11.34418353,0,2,1
4.917123143,0.14608195,30.81814094,9.783317433,1.077506566,-3.017833941,3.023325983,0,2,1
6.994833808,-0.416376655,1.746801554,6.858994095,-0.324156567,-2.297320276,9.682065895,0,2,2
4.135335537,-1.260560534,-0.050258359,7.598105027,-0.074514168,-3.151299502,6.81859223,0,2,1
2.621221089,-0.99001883,-0.863057156,7.433451419,0.518616721,-2.097066515,12.83298874,0,2,1
1.129690223,-0.833988715,-0.266099594,5.953637544,-0.075501522,-0.854896491,17.42074912,0,2,1
0.177200451,0.160569796,0.256613559,5.793384158,0.007551127,-0.170884409,12.55409495,0,2,1
6.078980178,-0.504999974,3.38027529,7.01923785,1.147232547,-2.229809922,8.589318949,0,2,1
5.167059125,-1.435098166,10.83261542,7.320607898,-0.257352099,-2.892948974,2.536631625,0,2,1
3.401778946,-1.496197478,4.834031398,7.663895876,0,-2.396853584,4.684794553,0,2,1
1.171537451,-1.153627723,0.702802183,5.816433615,-0.156203503,-0.707004605,11.76626534,0,2,1
0.060827625,0,2.985025922,5.957793216,0.340610857,-0.043628177,5.563892522,0,2,1
5.849829057,-0.33162195,5.242843089,7.086303691,0.747250922,-2.306525998,6.935272165,0,2,1
5.219061218,-0.920342103,9.036127866,6.50628158,0.160440673,-2.723063826,1.785077029,0,2,1
4.068734447,-0.84535983,0.017322382,5.677076713,-0.415402209,-1.919152715,7.16525645,0,2,1
2.8002857,-0.496907034,-0.489138558,6.661921645,-0.497771781,-2.146718747,7.83536853,0,2,1
2.010696397,-0.625044214,-0.555424385,7.391244821,0.153818977,-1.731594063,13.85428814,0,2,1
6.016518927,0.021117955,0.672030079,7.278420158,0.665903803,-1.922927267,14.55407847,0,2,1
7.314478792,-0.176618414,1.196504696,7.732528694,1.262442688,-2.50873198,12.29156621,0,2,1
7.157611333,-0.427301097,2.43828838,6.28239604,0.58127669,-3.008453539,4.534710575,0,2,1
6.390125194,-1.250976513,-1.845210289,6.487780822,1.086529797,-0.834074906,18.85147209,0,2,1
3.000066666,-0.916645522,-1.268481583,6.576473219,0.743646215,-1.431512394,17.25005797,0,2,1
1.541590088,-0.66594141,-0.263848221,6.569056249,0.096010279,-1.088355504,18.04674486,0,2,1
0.734370479,-0.257326544,0.371045328,6.849262734,0.238335885,-0.589787993,18.8107044,0,2,1
6.013002578,-0.335746886,19.02381997,8.117320987,0.327261993,-3.093422784,2.757571395,0,2,1
4.611312178,-1.078553449,1.552058287,7.273761063,0.225392596,-2.653285879,7.186723871,0,2,1
2.835912552,-0.994141751,-0.375560917,6.582172894,-0.165849543,-1.940707068,9.333364881,0,2,1
1.335402561,-0.505397355,-0.091722024,7.020156693,-0.015196316,-1.330841145,9.644573604,0,2,1
0.977394496,0.010650623,-0.190764223,7.561190382,0.495985383,-1.043731996,17.7013926,0,2,1
2.139369066,0.082970081,13.43412359,7.29210532,0.098086361,-1.030715354,4.306669247,0,2,1
2.253197728,-0.004253696,9.672221548,6.292360447,0.090111303,-1.16968109,2.38302329,0,2,1
2.130023474,-0.166664812,5.115184242,5.916384031,0.089359912,-1.197835484,2.976995129,0,2,1
1.770254219,-0.24996348,1.771515886,5.344988307,-0.332391569,-1.027140061,4.486423966,0,2,1
1.611521021,0,0.968116291,5.819364226,-0.49918705,-1.15849344,5.350448579,0,2,1
1.542076522,-0.166439291,-0.136506201,6.899623178,-0.083095982,-1.220350745,15.09471762,0,2,1
2.380189068,-0.083326686,5.181987495,7.544653736,1.086422447,-0.996324369,12.11119317,0,2,1
2.310086578,-0.083330197,7.516670234,5.55906467,0.664412732,-0.827565981,4.234678264,0,2,1
2.101523257,-0.079886296,5.632275763,5.56166342,0.332639283,-0.871604718,4.333185895,0,2,1
2.101166343,-0.002578123,8.303247481,6.587510911,-0.255369009,-1.192634505,3.081314654,0,2,1
4.18345551,-0.333055345,2.911403797,6.378087488,0.243116816,-1.39952433,10.26818874,0,2,1
5.350037383,-0.499602646,2.678012505,6.390148668,0.671609792,-1.715682094,9.455379421,0,2,1
4.290745856,-1.416410251,5.406423035,6.608751773,0.83653158,-1.967590317,5.099666656,0,2,1
2.853436525,-1.16518915,4.833661132,6.134533397,0.837472292,-1.482190305,3.993707551,0,2,1
1.121115516,-0.669554745,2.235503529,5.646848679,0.431084096,-0.635962486,6.615716137,0,2,1
0.255538647,-0.026250479,2.56293181,6.745250181,0.413891978,-0.191776232,9.117740948,0,2,1
6.670007496,-0.416477374,3.223829029,6.744368021,-1.326374257,-2.354185189,7.626899763,0,2,2
5.873406167,-1.076597384,4.610879585,6.114441921,-0.99759084,-2.890624859,2.51007968,0,2,2
4.60851386,-1.003208952,1.212931935,6.698753615,-1.426000394,-3.229648777,3.395202498,0,2,1
3.400720512,-1.073924017,-1.207253468,6.761597444,-0.657715191,-1.767572313,15.21699708,0,2,1
0.967987603,-0.761219046,-0.230348234,4.685381521,-0.725102043,-0.658733788,11.16630646,0,2,1
0.276586334,0.065357661,0.075864327,5.71210119,0.227698906,-0.25545986,18.01426657,0,2,1
0.487647414,-0.080255646,0.159862491,7.06153666,-0.234362902,-0.53069516,15.52459017,0,2,1
0.380788655,0,0.218176511,6.998492695,-0.260399186,-0.401997934,17.83222364,0,2,1
0.51894123,0.075616012,0.311654877,7.84489643,-0.506483191,-0.58394854,17.80127243,0,2,1
0.442831797,-0.149824007,0.297245153,7.652300308,0.037940265,-0.462404731,21.86921352,0,2,1
4.150590319,-0.251278745,0.325167507,4.306796954,-0.415022574,-0.781210104,12.42972647,0,2,2
3.581396376,-0.661165309,0.942925414,4.200023809,-0.67080948,-0.934733538,7.182652713,0,2,1
2.756555822,-0.509911897,4.452045644,5.12141582,-0.434300546,-1.237199761,2.485839898,0,2,1
1.527416119,-0.809470216,1.886786197,4.341658669,0.131527007,-0.728419575,2.766839352,0,2,1
0.480936586,-0.173565862,1.506547783,5.604578485,-0.303042729,-0.323109553,7.715568676,0,2,1
0.78847955,0.102771153,1.881512413,6.145933615,-0.794212904,-0.631982236,5.14003891,0,2,1
0.841546196,0,0.562019959,6.260047923,-0.795597507,-0.719149071,9.081657338,0,2,1
0.830060239,-0.108269251,0.19513008,6.754790892,-1.088713871,-0.876524922,8.310475317,0,2,1
0.515460959,-0.184209195,0.026225247,7.582400675,-0.206516689,-0.652515211,13.91816439,0,2,1
0.262488095,0,0.017270213,6.747592163,-0.969126298,-0.314081521,17.28377852,0,2,1
0.326496554,-0.073741257,-0.092039288,5.174640084,-0.12959181,-0.317638247,9.431887404,0,2,1
0.21023796,0,-0.054531403,5.324903755,-0.396852149,-0.215636414,11.68460526,0,2,1
3.120144227,-0.333994109,0.364938481,3.929987277,0.338476755,-0.572724344,13.28108806,0,2,1
2.490180716,-0.833270327,5.047532229,4.835752268,-0.019391515,-0.857526927,3.512050683,0,2,1
0.822982381,-0.415059251,5.6074327,4.619751076,0.322261702,-0.317193184,2.591235227,0,2,1
0.840238062,0.335609614,8.836359344,5.23115666,-0.360878891,-0.394282484,1.247878199,0,2,1
0.901387819,-0.253906367,6.124213193,5.293061496,-0.512050556,-0.481868083,1.764596271,0,2,1
0.730616178,0.080450355,4.457717158,5.437738501,-0.603067139,-0.421078134,2.986904752,0,2,1
0.855862138,-0.165497884,3.79754248,5.556302728,-0.89044345,-0.555730904,2.644125564,0,2,1
0.455411901,-0.246821036,2.986741321,7.036831673,-0.701778846,-0.395554626,6.275420305,0,2,1
0.266833281,0.081275437,0.957633063,5.819321266,-0.820029231,-0.196722694,11.42907258,0,2,1
0.310161248,-0.106998945,1.383166166,4.941032281,-0.27999286,-0.213799913,4.48826247,0,2,1
0.313209195,0.160051729,0.826969527,4.813481069,-0.450140111,-0.216396231,6.209452472,0,2,1
3.000816556,-0.666480291,-0.239669355,0.851469318,-1.169528753,-0.065829399,7.301595716,0,2,2
2.346167087,-0.338404886,-0.139592649,0.305941171,0.361198443,-0.098894447,1.845318401,0,2,1
1.151564154,-0.416075045,-0.116896983,0.896771989,1.241909496,-0.101089829,5.834732213,0,2,1
0.27,-0.083333333,0.117446424,3.042581141,1.105951007,-0.121748524,9.453094731,0,2,1
0.383275358,0.082639226,0.059787213,3.952176615,0.601762806,-0.221847016,13.67145932,0,2,1
0.235372046,-0.081348021,0.279166015,4.957912867,-0.068297531,-0.190919104,9.153797026,0,2,1
0.408044115,0.183934567,0.162771264,11.57876073,-0.08283803,-0.742985188,29.2285648,0,2,1
6.081882932,-0.005138472,2.342006433,4.635601363,0.249164013,-1.657884369,4.155779109,0,2,1
4.498722041,-0.150344074,-0.45892907,5.207782638,0.083049325,-0.35927022,29.00546328,1,1,2
2.450999796,-0.416493164,-0.87399338,5.958296736,0.522360418,-1.428967051,14.03997507,0,2,1
2.009601951,0.131968946,-0.466206116,4.945401905,-0.166145497,-0.218672069,28.13688149,1,1,2
2.221103329,-0.323424639,2.927086839,6.351448654,-0.234587197,-1.476010844,4.304195628,0,2,1
2.141821655,0.134889054,-0.418858923,4.691620189,-0.3383233,-0.469883183,23.49742326,1,1,2
0.323109888,0.185736936,0.335686764,6.897724262,0.175333985,-0.346906748,14.40915334,0,2,1
2.186526926,1.39327944,-0.599996392,7.388761737,-0.351535851,-1.036056447,28.12440399,1,1,1
0.610327781,0.333165323,1.578648171,6.897724262,-0.24826276,-0.5779318,6.920325137,0,2,1
1.557562198,0.865189722,-0.391257379,7.346577434,-0.433995899,-1.057051348,27.24145738,1,1,1
4.439481952,-0.260047039,5.336346463,6.350944812,-0.248380615,-1.880772269,5.020766874,0,2,1
4.19233825,-0.216541068,-0.512197774,5.982081578,-1.522375477,-1.18185994,17.48103258,1,2,2
5.572477008,-0.852070776,2.856166912,5.198124662,0.754599343,-2.530788192,1.796106901,0,2,1
4.430553013,-1.337941774,-1.21121577,5.996432273,0.444951427,-0.79957762,19.71001015,1,1,1
7.983044532,-0.708653788,-0.662988749,5.867580421,0.318585639,-1.832456218,11.29272775,1,1,1
5.760034722,-0.077753479,1.408360608,6.795123251,0.671684708,-1.635814783,13.88481185,0,2,1
5.709535883,-0.011385825,0.398653924,5.028807016,-0.296596822,-1.427442177,9.057091145,1,2,2
2.826393462,0.172000685,-0.004963135,3.989147779,0.415722995,-0.317755533,27.39172503,1,1,1
1.32196823,0.276725299,-0.487305315,7.427651042,1.767065876,-1.276705772,19.49923332,0,2,1
2.014447815,0.178995767,-0.58397078,5.683915904,-0.017890108,-0.258884468,28.81390289,1,1,2
1.461232357,0.091190872,4.004270775,9.192388155,0.828635066,-1.340180552,9.484265918,0,2,1
1.945867416,0.461518282,-0.315585028,5.701096386,0.062227971,-0.706500229,25.40077558,1,1,1
9.198440085,-0.34098822,0.490781598,6.696685747,0.026685928,-2.384342485,10.46732535,0,2,1
7.179484661,-0.097870263,11.52155003,6.715295973,-0.010611112,-2.700584143,3.260138034,0,2,1
1.131591799,-0.004051212,-0.010749235,8.359677027,0.183974715,-1.246387637,17.03973298,0,2,1
2.61767072,0.996436819,-0.965552004,7.306558697,0.066513468,-0.483655955,28.53782928,1,1,2
2.925423046,-0.810509159,1.560512098,9.320225319,-0.172800716,-3.157467381,6.802095265,0,2,1
2.432632319,-0.171493764,-0.759103812,8.725210599,-0.441828427,-1.473492156,28.06175511,1,1,2
3.968727756,0.095400997,-0.33837239,2.760072463,0.251785507,0.114271524,28.89576093,1,1,1
0.298328678,-0.099768804,0.419699919,7.051595564,-0.48445277,-0.292198074,19.17145013,0,2,1
1.694992625,0.575779503,-0.249689647,4.793380853,0,-0.388291356,29.80677943,1,1,2
0.398120585,0,0.604381714,6.44193294,-0.519177408,-0.373574901,11.10054503,0,2,1
1.359779394,0.317300888,-0.259534639,4.793380853,0,-0.391336865,29.80677943,1,1,2
8.722063976,-0.640283977,-1.561978683,4.113113176,-0.669354826,0.079658166,18.79933243,1,2,2
1.200166655,0.333288539,12.2383436,8.593672091,0.415043491,-0.870007333,4.871231877,0,2,1
4.512704289,0.121313139,-1.689778798,7.594451922,0,2.451202246,29.80354509,1,1,2
1.520690633,0.385674741,12.17169731,8.8692728,-0.006718256,-0.882332293,7.814000256,0,2,1
3.926843516,1.330284873,-0.464282664,7.594451922,0,-1.001247895,29.80354509,1,1,1
4.216028937,0.198579591,1.371440671,7.662356035,-0.085322337,-1.389747653,19.81348278,1,1,2
5.933919447,-0.238825666,12.02481245,6.105972486,-1.16165775,-2.150537858,2.381029189,1,2,2
5.000489976,-0.748652401,0.839453232,7.337744885,-0.154420387,-2.532728773,9.348652309,0,2,1
3.095561338,0.3081464,-0.159063231,1.231015841,1.085892045,0.200838263,27.5729215,1,1,1
0.489650554,0.012317666,1.207516209,7.59420832,-0.232787231,-0.519914648,9.98002004,0,2,1
0.754254599,0.649260416,0.952727461,8.449928994,-0.570212906,-0.877253833,11.64626979,0,2,1
2.8002857,1.142876254,-1.070342375,9.038390343,-0.271694292,-1.347166065,29.02288924,1,1,2
0.755380699,-0.506320827,10.60439155,7.86369506,-0.006411634,-0.582859322,3.416723577,0,2,1
0.726911274,0.642323132,11.59848985,7.823202669,-0.573043581,-0.558457598,2.954623495,0,2,1
1.928989373,0.803740429,0.303069455,8.740022883,-0.70516622,-1.369720175,23.66978876,1,1,2
0.672681202,0.409350791,13.48346261,7.379241153,-0.25722653,-0.355889912,4.528598017,0,2,1
1.823951754,1.154980072,2.329478623,7.8260207,-1.471850259,-0.957588019,16.67040791,1,1,2
2.880069444,-0.583763751,7.102433568,6.297563021,0.504844689,-1.711991023,1.993614807,0,2,1
3.321821789,-0.252519861,7.044509869,6.56225571,0.089961102,-1.37492132,5.762230471,0,2,1
2.87015679,0,2.15052684,6.709411301,0.243035138,-0.937989752,16.75010746,0,2,1
4.764199828,-0.166519124,-0.004246375,0.01,0.034517797,0.563934331,15.19177738,1,1,2
4.33664617,-0.004516061,-0.162902524,0.471699057,0.49840195,0.272304868,14.81535015,1,1,2
4.029739446,-0.077223639,-0.28257808,2.364148895,0.925232216,-0.296383974,11.82406445,1,1,2
0.743878248,0.035406916,0.705013454,10.21207618,-0.597101086,-1.012142589,18.57128159,0,2,1
0.756637298,0.271162406,1.285903545,9.825069974,-0.762450534,-1.021625005,12.56280224,0,2,1
4.415427499,-0.502821015,-0.972716606,4.261290884,0.083113046,5.039480182,29.77788609,1,1,2
4.018768468,-0.046169508,-0.508607112,4.261290884,0.083113046,0.026475112,29.77788609,1,1,2
7.678053139,-0.355897482,-1.083109216,6.582780568,0.088417188,-0.513089573,27.00725273,1,2,2
0.951892851,0.767814998,2.048917423,9.498636744,0.315032429,-1.309867344,7.029061104,0,2,1
2.035902748,1.151431396,-0.660624292,8.155893575,-0.249818679,-1.245924527,28.88332564,1,1,2
1.412232276,-0.731732269,5.570764377,8.015591057,0.242627305,-1.100994355,6.281600115,0,2,1
1.701558109,1.133968661,-0.032111115,5.79883609,0,-0.745030997,22.26070304,1,1,1
2.20184014,-0.495874708,27.95087796,8.196511453,0.067779773,-1.266899733,1.749285568,0,2,1
2.070024154,0.500581168,0.759205429,5.75946178,-0.249587145,-0.740377387,17.39497054,1,1,2
3.993619912,-0.894898362,-1.016330442,5.277698362,0.754590726,-0.949345785,16.35552812,0,2,1
2.594166533,-0.56982939,0.439756637,8.460212763,-0.249351163,-1.169620732,29.5813759,1,2,2
1.977169694,0.361456557,-0.197787058,8.048863274,-1.326765199,-2.393069448,5.532061099,0,2,1
0.156836533,-0.00133659,0.152300307,2.458007323,0.931326695,-0.048828075,11.47675912,0,2,1
0.45880279,-0.318399775,0.324995603,7.417708541,-0.068680197,-0.383242844,29.60824547,0,2,1
1.026255329,0.069953086,0.569920664,8.373016183,-1.220361542,-0.894804626,21.52223269,0,2,1
0.568594759,-0.076089415,0.284711833,6.260798671,-0.333290538,-0.348747218,28.93436192,1,1,2
1.171537451,0.0930942,2.128124358,4.270046838,0.083819173,-0.517709534,3.389882004,0,2,1
1.583824485,0.30274857,-0.179056312,3.351208737,-0.833023518,-0.418605705,14.81462116,1,1,2
4.676686861,-0.249640237,2.046338365,6.474828183,0.496506183,-1.385235297,12.89201691,0,2,1
4.366062299,-0.586874812,-0.396334133,2.510179276,-0.248805973,-0.414417048,9.855744518,1,2,2
0.62968246,0.358322856,0.876608783,11.5237841,-0.254811763,-0.838820769,28.43189758,0,2,1
3.446926167,0.093168761,-0.253701164,2.704163457,0.924784962,-0.012713721,27.67294889,1,1,2
5.761952794,-1.422207733,6.800585088,6.289197087,0.758062397,-3.027629372,1.7,0,2,1
2.984392736,-0.756636311,-1.009955017,7.640163611,-0.167155206,-0.603237511,28.9601105,1,2,2
5.310084745,-0.249443601,2.585269713,7.362404499,0.430582957,-1.744831003,13.3779109,0,2,1
4.952585184,-0.657335228,-0.316772411,7.640163611,-0.167155206,-1.068012483,28.9601105,1,1,2
1.335402561,-0.422372443,1.447533534,8.926191797,0.350016674,-1.274687831,13.87909219,0,2,1
0.888875694,0.343150563,-0.011329499,0.290172363,0.336942854,0.021115989,28.33408724,1,1,2
7.048134505,-0.218312086,11.46967678,6.630957699,-0.256844469,-2.867040573,2.567041098,1,1,2
0.735527022,0.010753824,1.471554964,6.435060217,-0.766609465,-0.650499016,5.891706035,0,2,1
0.591354378,-0.078840972,-0.029002095,7.17,-1.82949653,-0.686073728,14.5489656,0,2,1
0.084852814,0,0.033833929,2.846348538,-0.837020787,-0.043932437,10.24884872,1,1,2
0.660984115,-0.288047702,0.948774525,5.16474588,-2.199583548,-0.402392349,8.685580004,0,2,2
0.06,-0.028595479,0.158321059,1.67,-0.416409467,-0.013075527,6.212575955,1,1,2
5.310150657,-0.250545253,-0.264312332,3.077174028,0.654591068,-0.635995592,9.069426663,0,2,1
4.319085551,-1.14021164,-0.419294223,0.691158448,-0.24956198,-0.161174709,3.658756619,1,2,2
5.838878317,-0.23032672,-0.570113792,4.993726064,1.182293057,-0.640953292,20.42821823,1,1,2
4.459114262,-0.341981311,4.21721028,6.260966379,-0.583242278,-1.549998736,7.571981247,1,1,2
1.040768947,-0.166541117,0.083074411,8.37650285,0.086597402,-0.891316168,30.21751313,0,2,1
6.306766208,-0.100583564,19.07661715,7.972578002,-0.097855157,-2.876608332,3.253997541,0,2,1
0.608276253,0.246757369,0.516148709,10.06344374,-0.99864799,-0.790211685,24.29588031,0,2,1
3.067767918,0.553853749,-0.70028196,6.213541663,-0.083151426,-0.313245745,29.73967888,1,1,2
6.843778196,-1.101903748,-0.707919864,2.015564437,0.165392244,5.106731149,28.63159269,1,2,2
0.815843122,-0.537591433,0.181822191,6.800838184,-0.175556675,-0.738600815,15.24005249,0,2,1
9.831281707,-0.776938508,49.83822071,11.70779655,-0.228748385,-6.790597913,2.3,0,2,1
5.695480665,-0.949198553,-2.313265508,8.800511349,-0.249700379,2.616923584,29.69297728,1,2,2
6.600378777,-0.151778998,-0.20116172,8.800511349,-0.249700379,-1.385563635,29.69297728,1,1,2
3.475399258,1.182668266,-0.285443935,2.130375554,0.499914272,0.325530984,29.19928253,1,1,1
4.46752728,0.033187765,-0.400835467,3.050016393,1.416530055,0.029093827,26.81835938,1,1,1
4.46752728,0.033187765,-0.400835467,3.050016393,1.416530055,0.029093827,26.81835938,1,1,1
0.893588272,0.574670233,0.090611184,5.484031364,0.893208015,-0.609510244,14.35501654,0,2,1
3.475197836,0.748439024,-0.698990194,4.478146938,0.078261354,0.840095483,29.10117695,1,1,2
8.08144789,-0.528017363,2.88299612,5.642144982,-0.493314432,-3.075489979,2.959949324,0,2,1
7.218753355,-1.050675667,-1.548321,4.526367197,0.158000618,3.542555225,27.4800182,1,1,2
7.852954858,-0.457692124,5.628290132,6.725749029,0.831410553,-3.074829931,4.480011161,0,2,1
5.74167223,-1.860782044,-3.817713815,11.56182079,0.254669398,6.452318764,28.64708188,1,1,2
5.059377432,-0.237522972,-0.304953177,4.142378544,0.781461435,-0.62182912,16.19556729,1,1,1
5.197557118,-0.245764304,-0.515705344,0.820548597,-0.999216956,-0.258461114,1.980403999,1,1,2
7.652515926,-0.670241896,-0.887968446,0.913509715,0.256574719,-0.17431746,4.734437665,1,1,2
0.730273921,0.249909926,-0.033536948,2.724701819,0.25985662,-0.270168403,7.783090646,0,2,1
0.510783712,0.372033763,0.772801127,6.560190546,-1.173382002,-0.363636406,17.77124081,0,2,1
1.028396811,0.181613736,-0.120831347,4.947019305,-0.863514473,-0.732219041,9.083044644,0,2,1
2.687322087,-1.536198843,-0.573634924,4.043167075,0.080081253,1.27331182,28.83090356,1,1,2
3.291337114,-0.411353395,-0.376246694,4.043167075,0.080081253,-0.11444252,28.83090356,1,1,2
0.892692556,0.164348527,0.441642122,9.883815053,0.040544537,-1.178596028,18.27025178,0,2,1
1.528463281,0.573724655,-0.421192697,5.900389818,-0.998202608,-0.911828927,20.50882981,1,1,2
1.850675552,-0.916310915,13.42828853,9.328156302,-0.849078763,-1.537696977,4.292621577,0,2,1
1.12,0.169955571,0.398593049,4.504442252,-1.425886287,-0.4287424,14.85821658,1,1,2
3.290136775,-0.333319306,7.424397775,7.740232555,-1.083300229,-1.415127706,9.060209711,0,2,1
2.770884335,-0.330936881,0.268736617,3.251538098,-0.657280019,-0.468288434,10.77146694,1,1,2
0.202484567,0.142170139,0.849798993,8.218333164,0.156736085,-0.246226387,14.85215473,0,2,1
1.260039682,-0.583313882,3.034400372,8.388426551,0.139537304,-1.266835169,6.874394519,0,2,1
4.291165343,-1.747356409,7.443121968,8.101999753,-0.585003774,-2.194279612,7.170843744,0,2,1
3.821884352,0.602316213,1.25071673,14.51251184,0,-3.373334105,28.77600737,1,1,2
1.224948979,-0.165982155,0.518401491,12.63522062,-1.086379652,-1.844995085,24.35685735,0,2,1
0.75133215,-0.096124006,0.591159262,7.942197429,-0.13759449,-0.854167967,11.61261814,0,2,1
1.220901306,0.607107672,-0.337385028,6.240873336,-0.762765901,-0.926179707,19.6100102,1,1,2
1.812760326,-0.083205737,2.707516265,8.455134535,0.090616416,-1.726893045,7.240006906,0,2,1
1.970913494,-0.1638124,27.01161337,8.624442011,0.32465012,-1.447630582,1.033924562,0,2,1
1.801360597,0.166542162,14.95302478,8.929512865,0.399750657,-0.95341437,7.453596447,0,2,1
3.430714211,0.184376666,1.175930753,11.57454103,0.08743684,-2.128701313,28.93386251,1,1,2
10.54814202,-0.76009417,-0.75260907,14.32088335,0.005498836,-3.839784934,28.53227821,0,2,1
3.980012563,0.000314068,-0.291599917,3.613115,1.176687625,-0.197317979,25.99803839,1,1,1
0.439317653,-0.081525174,0.521164976,6.225889495,-0.766734822,-0.386265725,12.03824323,0,2,1
0.40607881,0.538877348,-0.011003465,2.313655117,-0.748767234,-0.126825483,12.7597884,1,1,2
4.917123143,0.14608195,34.87494415,9.783317433,1.077506566,-2.821804902,3.023325983,0,2,1
5.318467824,0.483018482,-0.705304969,5.03167964,0.835252798,-0.909839512,16.19540984,1,1,1
8.057449969,-0.481874813,-1.271633014,4.54743884,1.072700978,0.270549354,24.60117477,1,1,2
0.177200451,0.160569796,0.326922639,5.793384158,0.007551127,-0.165266446,12.55409495,0,2,1
0.660075753,0.332702056,-0.073559165,4.751052515,-0.749830642,-0.387295321,23.57010182,1,1,2
0.060827625,0,3.356626291,5.957793216,0.340610857,-0.041497989,5.563892522,0,2,1
0.368781778,0.60577519,0.189363305,3.472823059,-0.995554431,-0.133762571,18.08806236,1,1,2
8.160208331,-0.477152088,-0.616625089,0.674685112,-0.488068664,0.459062809,8.562908384,1,1,2
8.073890017,-0.606375797,-0.736863849,0.813203542,0.766696809,0.21428223,7.696557672,1,1,2
2.010696397,-0.625044214,-0.423800118,7.391244821,0.153818977,-1.684070867,13.85428814,0,2,1
1.290968629,-0.156054277,-0.235864457,4.960987805,-0.681302567,-0.593778035,22.16261943,1,1,2
6.016518927,0.021117955,1.147969385,7.278420158,0.665903803,-1.855118606,14.55407847,0,2,1
6.007636807,-0.102961072,-0.878552677,2.820070921,-0.166662445,-0.376415989,11.81042336,1,1,2
7.99993125,-0.229145778,2.16400022,4.341808379,0,-2.096771177,2.515094432,1,1,2
0.61,0.167328001,0.39815976,7.006083071,0.412764285,-0.447789542,25.54151523,0,2,1
1.333604139,-0.177633842,0.126164842,6.112094567,-0.497555074,-0.588026604,28.70258873,1,1,2
0.977394496,0.010650623,-0.113913276,7.561190382,0.495985383,-1.015025839,17.7013926,0,2,1
1.326989073,0.182803544,-0.322678473,6.052387958,-0.494794671,-0.71381085,27.9835273,1,1,2
8.999288861,-0.746692667,-1.645845219,3.210140184,-0.080205003,-0.058023436,13.85577497,1,2,2
2.950610106,0.592042243,-0.221850812,4.70017021,0.08271109,-0.358235428,29.89740624,1,1,1
4.856346363,-0.26029138,0.697102333,4.814239296,-0.581582563,-1.004798044,11.56154401,1,1,2
1.542076522,-0.166439291,-0.020354237,6.899623178,-0.083095982,-1.181828493,15.09471762,0,2,1
2.211650967,0.382432876,-0.730613142,9.396898424,-0.582901886,-1.683781847,28.59624626,1,1,2
2.101166343,-0.002578123,9.482005636,6.587510911,-0.255369009,-1.123171466,3.081314654,0,2,1
1.928419042,0.182191577,0.350008028,9.396898424,-0.582901886,-1.346804178,28.59624626,1,1,2
4.18345551,-0.333055345,3.51197657,6.378087488,0.243116816,-1.323987219,10.26818874,0,2,1
3.491160266,-0.835137035,1.466956769,8.50529247,-1.58528201,-1.498429846,21.03806075,1,1,2
3.259601203,-0.166172721,1.444907075,3.263449096,-1.418993338,-0.55578223,5.915445883,1,2,2
5.965609776,-0.506086981,-0.78115327,1.810994202,0.413980996,-0.423160313,6.000241662,1,1,2
0.255538647,-0.026250479,2.889694602,6.745250181,0.413891978,-0.182092531,9.117740948,0,2,1
3.279283458,1.507897899,-1.035536151,10.47082136,-1.003261829,-2.047202162,28.78989059,1,1,2
0.442831797,-0.149824007,0.375701409,7.652300308,0.037940265,-0.445342407,21.86921352,0,2,1
0.192353841,-0.073152026,0.483982202,7.586514351,-0.606335801,-0.193462042,24.10482524,1,1,2
0.21023796,0,-0.014016302,5.324903755,-0.396852149,-0.210478855,11.68460526,0,2,1
0.533104117,0.37208463,-0.141459547,3.362142174,-1.252149934,-0.291432225,13.29580761,1,1,2
0.313209195,0.160051729,0.978817428,4.813481069,-0.450140111,-0.207619462,6.209452472,0,2,1
0.944298682,0.407316999,-0.129957579,2.270550594,-0.833121947,-0.245851385,10.34057058,1,1,2
6.012395529,-0.753003384,6.622460703,8.713587091,-1.155682035,-2.67553172,9.543437536,1,1,2
0.408044115,0.183934567,0.245234543,11.57876073,-0.08283803,-0.72005104,29.2285648,0,2,1
1.966367209,0.26401533,-0.587896483,7.331473249,-0.087812637,-0.965994766,29.2340247,1,1,2
6.081882932,-0.005138472,3.079034658,4.635601363,0.249164013,-1.557216954,4.155779109,0,2,1
5.421558816,-0.811797441,-1.458688989,4.621958459,-0.272493832,-0.468243837,15.51676513,1,2,2
